{"dataset":{"0":{"kept":true,"isDisposedInternal":false,"shape":[1,51],"dtype":"float32","size":51,"strides":[51],"dataId":{},"id":81530,"rankType":"2","scopeId":174455,"label":"A"}},"tensors":[{"0":0.00039205033681355417,"1":0.1845981925725937,"2":0.10381568968296051,"3":0.00039206500514410436,"4":0.1998720020055771,"5":0.08332301676273346,"6":0.0003928123041987419,"7":0.1681322157382965,"8":0.08339712023735046,"9":0.0002160481526516378,"10":0.21013128757476807,"11":0.07325433939695358,"12":0.0003896631533280015,"13":0.13817033171653748,"14":0.07005135715007782,"15":0.0003809035406447947,"16":0.22026172280311584,"17":0.1089887022972107,"18":0.00038050691364333034,"19":0.1146179661154747,"20":0.09551529586315155,"21":0.00035256886621937156,"22":0.24173514544963837,"23":0.17846283316612244,"24":0.00027146280626766384,"25":0.07650433480739594,"26":0.1575840711593628,"27":0.0000076135233939567115,"28":0.23213376104831696,"29":0.22119995951652527,"30":0.00000893381547939498,"31":0.07274571806192398,"32":0.2101813703775406,"33":0.0001963445101864636,"34":0.18093809485435486,"35":0.21067000925540924,"36":0.0002074811636703089,"37":0.12348802387714386,"38":0.20076137781143188,"39":0.000007671466846659314,"40":0.19365061819553375,"41":0.2311074286699295,"42":0.0000012051706335114432,"43":0.12124413996934891,"44":0.2321750968694687,"45":0.000005501348823599983,"46":0.2034446895122528,"47":0.22170542180538177,"48":9.422491302757408e-7,"49":0.12425898760557175,"50":0.21313738822937012}]}