{"dataset":{"0":{"kept":true,"isDisposedInternal":false,"shape":[1,51],"dtype":"float32","size":51,"strides":[51],"dataId":{},"id":58252,"rankType":"2","scopeId":126048,"label":"A"}},"tensors":[{"0":0.000389626162359491,"1":0.1621539145708084,"2":0.13056553900241852,"3":0.0003898781433235854,"4":0.1758640557527542,"5":0.11154407262802124,"6":0.00038989941822364926,"7":0.14620962738990784,"8":0.11089882999658585,"9":0.00012295518536120653,"10":0.18670234084129333,"11":0.11240992695093155,"12":0.00037876819260418415,"13":0.12316789478063583,"14":0.10947242379188538,"15":0.0003699429507832974,"16":0.20922496914863586,"17":0.15482844412326813,"18":0.0003680747468024492,"19":0.08283299952745438,"20":0.16612257063388824,"21":0.000036004799767397344,"22":0.22000281512737274,"23":0.22221334278583527,"24":0.00006656327605014667,"25":0.06438097357749939,"26":0.2197774350643158,"27":0.000012292436622374225,"28":0.1969040185213089,"29":0.2190958708524704,"30":0.000010189445674768649,"31":0.09268952906131744,"32":0.2106761336326599,"33":0.000004244944648235105,"34":0.19954942166805267,"35":0.22426651418209076,"36":0.000005669218808179721,"37":0.10366212576627731,"38":0.2204051911830902,"39":0.000002724563046285766,"40":0.18824143707752228,"41":0.2139221429824829,"42":0.000015251887816702947,"43":0.0923151969909668,"44":0.21268875896930695,"45":0.000004341843578004045,"46":0.1856258660554886,"47":0.21425285935401917,"48":0.000004923911546939053,"49":0.08925186842679977,"50":0.20014825463294983}]}