{"dataset":{"0":{"kept":true,"isDisposedInternal":false,"shape":[1,51],"dtype":"float32","size":51,"strides":[51],"dataId":{},"id":211684,"rankType":"2","scopeId":457498,"label":"A"}},"tensors":[{"0":0.00038315000711008906,"1":0.16909420490264893,"2":0.1455259472131729,"3":0.0003837846452370286,"4":0.1805056631565094,"5":0.12594318389892578,"6":0.0003838922712020576,"7":0.15271960198879242,"8":0.12620067596435547,"9":0.0001767541834851727,"10":0.1904277801513672,"11":0.12050602585077286,"12":0.00037692475598305464,"13":0.12694741785526276,"14":0.12352710217237473,"15":0.0001624229917069897,"16":0.20501390099525452,"17":0.16403380036354065,"18":0.00037707717274315655,"19":0.08886110782623291,"20":0.16515527665615082,"21":0.000025881248802761547,"22":0.2146947681903839,"23":0.21600596606731415,"24":0.000028689519240288064,"25":0.069620780646801,"26":0.2167668640613556,"27":0.000018178439859184437,"28":0.19462746381759644,"29":0.21592406928539276,"30":0.000005869349934073398,"31":0.0738663375377655,"32":0.21063204109668732,"33":0.000019796389096882194,"34":0.19597549736499786,"35":0.2154960036277771,"36":0.0000046043596739764325,"37":0.09001193195581436,"38":0.216374009847641,"39":0.000005290864919516025,"40":0.18533991277217865,"41":0.21274925768375397,"42":0.000008377193807973526,"43":0.09148243814706802,"44":0.20791545510292053,"45":0.0000024284067876578774,"46":0.1836824119091034,"47":0.21334464848041534,"48":0.000005250428785075201,"49":0.08848312497138977,"50":0.1982254981994629}]}