{"dataset":{"0":{"kept":true,"isDisposedInternal":false,"shape":[1,51],"dtype":"float32","size":51,"strides":[51],"dataId":{},"id":583130,"rankType":"2","scopeId":1261833,"label":"A"}},"tensors":[{"0":0.00040494848508387804,"1":0.1636802703142166,"2":0.11925550550222397,"3":0.00040509665268473327,"4":0.18010157346725464,"5":0.09876368939876556,"6":0.0004051195865031332,"7":0.14903897047042847,"8":0.09921852499246597,"9":0.00015101520693860948,"10":0.19395871460437775,"11":0.09050997346639633,"12":0.00038401034544222057,"13":0.12272387742996216,"14":0.08680299669504166,"15":0.00014613450912293047,"16":0.1976870894432068,"17":0.1481272429227829,"18":0.00038298743311315775,"19":0.08961617946624756,"20":0.14060521125793457,"21":0.00001316118778049713,"22":0.2357577383518219,"23":0.21828055381774902,"24":0.000058001638535642996,"25":0.06532459706068039,"26":0.23007774353027344,"27":0.000032082287361845374,"28":0.22167661786079407,"29":0.19749954342842102,"30":0.000009019370736496057,"31":0.07764848321676254,"32":0.23038490116596222,"33":0.000009538081030768808,"34":0.17069508135318756,"35":0.236235111951828,"36":0.000006130520432634512,"37":0.08477157354354858,"38":0.22978690266609192,"39":0.000002803892812153208,"40":0.16634640097618103,"41":0.2283490151166916,"42":0.0000053314975048124325,"43":0.07671262323856354,"44":0.21904462575912476,"45":7.748514008198981e-7,"46":0.17496562004089355,"47":0.22909130156040192,"48":0.000004354172233433928,"49":0.07470941543579102,"50":0.2292046695947647}]}