{"dataset":{"0":{"kept":true,"isDisposedInternal":false,"shape":[1,51],"dtype":"float32","size":51,"strides":[51],"dataId":{},"id":2117233,"rankType":"2","scopeId":4555423,"label":"A"}},"tensors":[{"0":0.00042390578892081976,"1":0.173366516828537,"2":0.1217227503657341,"3":0.0004241007845848799,"4":0.19020797312259674,"5":0.10383600741624832,"6":0.0004242624854668975,"7":0.15777045488357544,"8":0.10009710490703583,"9":0.00007316828123293817,"10":0.19977553188800812,"11":0.10173854231834412,"12":0.00041523214895278215,"13":0.12829752266407013,"14":0.08688319474458694,"15":0.0003101832699030638,"16":0.18672704696655273,"17":0.13347354531288147,"18":0.0004112065944354981,"19":0.08866851776838303,"20":0.11995561420917511,"21":0.00003883985846186988,"22":0.23661048710346222,"23":0.1931328922510147,"24":0.00014312616258393973,"25":0.059338878840208054,"26":0.19321326911449432,"27":0.000012237498594913632,"28":0.24329356849193573,"29":0.20240458846092224,"30":0.000022577545678359456,"31":0.0608510822057724,"32":0.22075416147708893,"33":0.00006483259494416416,"34":0.15216508507728577,"35":0.21930401027202606,"36":0.000021761336029157974,"37":0.08844582736492157,"38":0.23042923212051392,"39":0.0000016970949445749284,"40":0.17346471548080444,"41":0.2429637610912323,"42":0.000004120995527046034,"43":0.09975208342075348,"44":0.2305171638727188,"45":4.450317589999031e-7,"46":0.18176627159118652,"47":0.23734165728092194,"48":0.0000037645393149432493,"49":0.09708575904369354,"50":0.23269158601760864}]}