{"dataset":{"0":{"kept":true,"isDisposedInternal":false,"shape":[1,51],"dtype":"float32","size":51,"strides":[51],"dataId":{},"id":1804,"rankType":"2","scopeId":3744,"label":"A"}},"tensors":[{"0":0.0003998255415353924,"1":0.17606134712696075,"2":0.10504697263240814,"3":0.00040024975896812975,"4":0.1974133998155594,"5":0.08615530282258987,"6":0.00040052548865787685,"7":0.16655701398849487,"8":0.08286009728908539,"9":0.00020748234237544239,"10":0.21031706035137177,"11":0.07494940608739853,"12":0.0003976585285272449,"13":0.14104440808296204,"14":0.06681838631629944,"15":0.0003493698895908892,"16":0.21693404018878937,"17":0.10023605823516846,"18":0.000395291019231081,"19":0.10957911610603333,"20":0.08779384195804596,"21":0.0000618721533101052,"22":0.22351029515266418,"23":0.18815091252326965,"24":0.00021458706760313362,"25":0.07923992723226547,"26":0.17128808796405792,"27":0.000006553891125804512,"28":0.2194535881280899,"29":0.22736476361751556,"30":0.0000065894610088435,"31":0.07723899185657501,"32":0.22593741118907928,"33":0.000060269674577284604,"34":0.1857449859380722,"35":0.2130531370639801,"36":0.00015902830637060106,"37":0.12259084731340408,"38":0.20091721415519714,"39":0.000009552426490699872,"40":0.18067026138305664,"41":0.23717619478702545,"42":0.0000031695133202447323,"43":0.12156836688518524,"44":0.2354857623577118,"45":0.00000471647763333749,"46":0.19532974064350128,"47":0.2278449684381485,"48":0.000001536404738544661,"49":0.12342219799757004,"50":0.21993914246559143}]}