{"dataset":{"0":{"kept":true,"isDisposedInternal":false,"shape":[1,51],"dtype":"float32","size":51,"strides":[51],"dataId":{},"id":4108,"rankType":"2","scopeId":8736,"label":"A"}},"tensors":[{"0":0.0003982274211011827,"1":0.17545132339000702,"2":0.08967739343643188,"3":0.0003972388803958893,"4":0.19598574936389923,"5":0.07400462031364441,"6":0.0003964568895753473,"7":0.16540297865867615,"8":0.07085385173559189,"9":0.00021681604266632348,"10":0.20653997361660004,"11":0.06043538451194763,"12":0.0003955757129006088,"13":0.13913603127002716,"14":0.05573069676756859,"15":0.00038398700417019427,"16":0.21405284106731415,"17":0.09664832800626755,"18":0.00039315299363806844,"19":0.10425001382827759,"20":0.0839325487613678,"21":0.0002488895261194557,"22":0.25250083208084106,"23":0.18264739215373993,"24":0.000343012303346768,"25":0.09044667333364487,"26":0.16426463425159454,"27":0.00002371620576013811,"28":0.23518145084381104,"29":0.2012203186750412,"30":0.000003994826784037286,"31":0.09572070837020874,"32":0.22358790040016174,"33":0.00016949135169852525,"34":0.1929374784231186,"35":0.2091227024793625,"36":0.00010842064511962235,"37":0.12821894884109497,"38":0.20402908325195312,"39":0.000010941986147372518,"40":0.19727283716201782,"41":0.23415076732635498,"42":0.0000022581207304028794,"43":0.12215974926948547,"44":0.22821380198001862,"45":0.000005611082542600343,"46":0.20572420954704285,"47":0.22417905926704407,"48":0.0000021740256670454983,"49":0.12609216570854187,"50":0.21811844408512115}]}