{"dataset":{"0":{"kept":true,"isDisposedInternal":false,"shape":[1,51],"dtype":"float32","size":51,"strides":[51],"dataId":{},"id":927654,"rankType":"2","scopeId":1996260,"label":"A"}},"tensors":[{"0":0.0004025505913887173,"1":0.17790085077285767,"2":0.12454491853713989,"3":0.00040159167838282883,"4":0.19505657255649567,"5":0.10701615363359451,"6":0.00040278673986904323,"7":0.16380149126052856,"8":0.1026708260178566,"9":0.0001861816708697006,"10":0.20501749217510223,"11":0.09647392481565475,"12":0.00039082198054529727,"13":0.13676492869853973,"14":0.0946061983704567,"15":0.00031533982837572694,"16":0.19769805669784546,"17":0.13272376358509064,"18":0.0003951044345740229,"19":0.10454901307821274,"20":0.12879127264022827,"21":0.00003469009971013293,"22":0.24609358608722687,"23":0.21659015119075775,"24":0.0000803254297352396,"25":0.057870157063007355,"26":0.21106202900409698,"27":0.000008385581168113276,"28":0.24509543180465698,"29":0.17724572122097015,"30":0.000010964889952447265,"31":0.07889208942651749,"32":0.22538043558597565,"33":0.000006858477263449458,"34":0.15347261726856232,"35":0.22260276973247528,"36":0.000009346032129542436,"37":0.08355113118886948,"38":0.23129238188266754,"39":0.0000026241750674671493,"40":0.16226154565811157,"41":0.2273406982421875,"42":0.000004502210231294157,"43":0.09347475320100784,"44":0.2190684974193573,"45":0.0000011199405207662494,"46":0.1573968380689621,"47":0.22153736650943756,"48":0.00000656172869639704,"49":0.07031001895666122,"50":0.2275041788816452}]}