{"dataset":{"0":{"kept":true,"isDisposedInternal":false,"shape":[1,51],"dtype":"float32","size":51,"strides":[51],"dataId":{},"id":1909952,"rankType":"2","scopeId":4117540,"label":"A"},"1":{"kept":true,"isDisposedInternal":false,"shape":[1,51],"dtype":"float32","size":51,"strides":[51],"dataId":{},"id":1930127,"rankType":"2","scopeId":4161247,"label":"B"}},"tensors":[{"0":0.0004337888676673174,"1":0.16284555196762085,"2":0.14359933137893677,"3":0.0004103328683413565,"4":0.1822260469198227,"5":0.110973060131073,"6":0.0004345033667050302,"7":0.13443195819854736,"8":0.1118706464767456,"9":0.00009864191088126972,"10":0.20262809097766876,"11":0.09892334043979645,"12":0.00041607904131524265,"13":0.09268444776535034,"14":0.09755145758390427,"15":0.00002614437289594207,"16":0.18186289072036743,"17":0.15435399115085602,"18":0.00033515258110128343,"19":0.04874616488814354,"20":0.1641271710395813,"21":9.087492003345687e-7,"22":0.22367823123931885,"23":0.190989688038826,"24":0.00003964303687098436,"25":0.002406001091003418,"26":0.23753955960273743,"27":0.000008210124178731348,"28":0.2710348069667816,"29":0.1468704491853714,"30":0.000051823142712237313,"31":0.052223414182662964,"32":0.21132299304008484,"33":0.000006383744221238885,"34":0.1571846306324005,"35":0.2412133663892746,"36":0.00001073656039807247,"37":0.054091453552246094,"38":0.24499410390853882,"39":0.0000020070106074854266,"40":0.1606733202934265,"41":0.24382172524929047,"42":0.0000032577816000411985,"43":0.06567749381065369,"44":0.24181777238845825,"45":0.0000010367203913119738,"46":0.15553992986679077,"47":0.24080266058444977,"48":0.000003065638338739518,"49":0.06747425347566605,"50":0.23581404983997345},{"0":0.00040330871706828475,"1":0.17810264229774475,"2":0.14252199232578278,"3":0.0004034666926600039,"4":0.19232220947742462,"5":0.11880067735910416,"6":0.0004035978054162115,"7":0.1605602502822876,"8":0.11920172721147537,"9":0.00013907354150433093,"10":0.20598110556602478,"11":0.11319801211357117,"12":0.0003878992865793407,"13":0.12964364886283875,"14":0.10752566158771515,"15":0.00017669433145783842,"16":0.18946850299835205,"17":0.1508866548538208,"18":0.000372165406588465,"19":0.0898493230342865,"20":0.14534440636634827,"21":0.00006926375499460846,"22":0.2465709149837494,"23":0.21191421151161194,"24":0.00006124197534518316,"25":0.05003514140844345,"26":0.20689606666564941,"27":0.000033163665648316965,"28":0.2586309313774109,"29":0.19874170422554016,"30":0.000013521590517484583,"31":0.060712628066539764,"32":0.21340815722942352,"33":0.000011786833965743426,"34":0.13999345898628235,"35":0.20318171381950378,"36":0.000011083192475780379,"37":0.06755497306585312,"38":0.22688959538936615,"39":0.0000010782115396068548,"40":0.16324865818023682,"41":0.22276748716831207,"42":0.000008734595212445129,"43":0.07742773741483688,"44":0.21754609048366547,"45":4.1660925376163505e-7,"46":0.15701985359191895,"47":0.22173509001731873,"48":0.0000059881531342398375,"49":0.07463308423757553,"50":0.22991010546684265}]}