{"dataset":{"0":{"kept":true,"isDisposedInternal":false,"shape":[1,51],"dtype":"float32","size":51,"strides":[51],"dataId":{},"id":41360,"rankType":"2","scopeId":89414,"label":"A"},"1":{"kept":true,"isDisposedInternal":false,"shape":[1,51],"dtype":"float32","size":51,"strides":[51],"dataId":{},"id":97535,"rankType":"2","scopeId":211121,"label":"B"}},"tensors":[{"0":0.00041569728637114167,"1":0.17748580873012543,"2":0.08341090381145477,"3":0.0004147570871282369,"4":0.19899965822696686,"5":0.06425074487924576,"6":0.00041569213499315083,"7":0.1630908101797104,"8":0.060444701462984085,"9":0.00020782407955266535,"10":0.21369193494319916,"11":0.052255433052778244,"12":0.0004137051582802087,"13":0.13371159136295319,"14":0.044974666088819504,"15":0.0004010543634649366,"16":0.21942494809627533,"17":0.07719141989946365,"18":0.00040831149090081453,"19":0.09986105561256409,"20":0.07645280659198761,"21":0.00031098592444323003,"22":0.24696213006973267,"23":0.17438869178295135,"24":0.0002916877274401486,"25":0.06507866084575653,"26":0.16953063011169434,"27":0.0000025647359507274814,"28":0.25105491280555725,"29":0.24721874296665192,"30":0.0000039487572394136805,"31":0.06820739060640335,"32":0.24221071600914001,"33":0.0002843580732587725,"34":0.1732620745897293,"35":0.20500701665878296,"36":0.00009164432412944734,"37":0.1071803867816925,"38":0.2087710052728653,"39":0.000008004865776456427,"40":0.18198664486408234,"41":0.2458992898464203,"42":0.0000036876631384075154,"43":0.09579749405384064,"44":0.24003075063228607,"45":0.000002087027951347409,"46":0.18018442392349243,"47":0.23295769095420837,"48":0.0000027545336251932895,"49":0.09914438426494598,"50":0.23116092383861542},{"0":0.00038592511555179954,"1":0.17923474311828613,"2":0.11676083505153656,"3":0.0003862248850055039,"4":0.1969154328107834,"5":0.09704147279262543,"6":0.00038667392800562084,"7":0.1638709455728531,"8":0.09645010530948639,"9":0.00023661248269490898,"10":0.20907346904277802,"11":0.08992111682891846,"12":0.0003811792121268809,"13":0.13800954818725586,"14":0.08405539393424988,"15":0.00014687285874970257,"16":0.21372924745082855,"17":0.1299622505903244,"18":0.00038069297443144023,"19":0.10468173772096634,"20":0.12136679887771606,"21":0.0003184641245752573,"22":0.2431425154209137,"23":0.17976266145706177,"24":0.00019461916235741228,"25":0.06342310458421707,"26":0.1925841122865677,"27":0.000029966233341838233,"28":0.21845702826976776,"29":0.1826900839805603,"30":0.0000037294050798664102,"31":0.11495506018400192,"32":0.20396097004413605,"33":0.00001475009230489377,"34":0.20128917694091797,"35":0.21712812781333923,"36":0.000034324999433010817,"37":0.11521037667989731,"38":0.20563329756259918,"39":0.000004500568138610106,"40":0.20644865930080414,"41":0.2126382738351822,"42":0.0000035544608181226067,"43":0.11614453047513962,"44":0.20946316421031952,"45":0.000003738443410838954,"46":0.2037367969751358,"47":0.21511948108673096,"48":0.000002652104058142868,"49":0.11874941736459732,"50":0.21203583478927612}]}