{"dataset":{"0":{"kept":true,"isDisposedInternal":false,"shape":[1,51],"dtype":"float32","size":51,"strides":[51],"dataId":{},"id":137144,"rankType":"2","scopeId":296465,"label":"A"}},"tensors":[{"0":0.000383207225240767,"1":0.164542093873024,"2":0.1336124986410141,"3":0.00038308222428895533,"4":0.1786475032567978,"5":0.11819905787706375,"6":0.0003832467191386968,"7":0.14949122071266174,"8":0.11545062810182571,"9":0.00022102438379079103,"10":0.19208958745002747,"11":0.11041206866502762,"12":0.0003783945576287806,"13":0.1242896169424057,"14":0.11398668587207794,"15":0.00033619615714997053,"16":0.20933473110198975,"17":0.1562098264694214,"18":0.00037652990431524813,"19":0.08996579051017761,"20":0.15976868569850922,"21":0.000019333658201503567,"22":0.21709437668323517,"23":0.22207215428352356,"24":0.00005159933789400384,"25":0.07072708010673523,"26":0.21996013820171356,"27":0.000006112783466960536,"28":0.19551917910575867,"29":0.21745367348194122,"30":0.0000037867250739509473,"31":0.07548770308494568,"32":0.21386753022670746,"33":0.00000442839245806681,"34":0.18221457302570343,"35":0.2165207862854004,"36":0.0000024992434646264883,"37":0.1043475791811943,"38":0.21693187952041626,"39":0.000003675424977700459,"40":0.18846270442008972,"41":0.20938946306705475,"42":0.000006267373919399688,"43":0.10350997745990753,"44":0.21352054178714752,"45":0.000003257399612266454,"46":0.18296757340431213,"47":0.2138148844242096,"48":0.000003645448487077374,"49":0.10275527834892273,"50":0.20953479409217834}]}