{"dataset":{"0":{"kept":true,"isDisposedInternal":false,"shape":[1,51],"dtype":"float32","size":51,"strides":[51],"dataId":{},"id":776990,"rankType":"2","scopeId":1674842,"label":"A"}},"tensors":[{"0":0.0003765517030842602,"1":0.17478249967098236,"2":0.15395869314670563,"3":0.0003762468695640564,"4":0.19634413719177246,"5":0.1193799376487732,"6":0.0003780252009164542,"7":0.15443894267082214,"8":0.12514197826385498,"9":0.00007791085226926953,"10":0.21617168188095093,"11":0.1128302738070488,"12":0.00037510640686377883,"13":0.10864866524934769,"14":0.1061667799949646,"15":0.000002189465931223822,"16":0.2171970009803772,"17":0.21046893298625946,"18":0.000023615668396814726,"19":0.06698991358280182,"20":0.1806148737668991,"21":0.000003752469410756021,"22":0.22761140763759613,"23":0.2158804088830948,"24":0.000053143343393458053,"25":0.00797843374311924,"26":0.20539972186088562,"27":0.000001967676780623151,"28":0.20803502202033997,"29":0.20992758870124817,"30":0.000002037451167780091,"31":0.048762112855911255,"32":0.15825359523296356,"33":0.0000015878599697316531,"34":0.19912971556186676,"35":0.20381231606006622,"36":0.000012991801668249536,"37":0.0750880092382431,"38":0.215008944272995,"39":6.691975045214349e-7,"40":0.198027104139328,"41":0.20793747901916504,"42":0.000006097580808273051,"43":0.054445043206214905,"44":0.204497829079628,"45":5.029214094065537e-7,"46":0.1935950070619583,"47":0.2036830335855484,"48":0.0000030727010198461358,"49":0.06041606888175011,"50":0.20969031751155853}]}