{"dataset":{"0":{"kept":true,"isDisposedInternal":false,"shape":[1,51],"dtype":"float32","size":51,"strides":[51],"dataId":{},"id":4396,"rankType":"2","scopeId":9360,"label":"A"}},"tensors":[{"0":0.0003840519639197737,"1":0.17623738944530487,"2":0.10476446896791458,"3":0.0003815029631368816,"4":0.19460950791835785,"5":0.08641069382429123,"6":0.0003826393513008952,"7":0.1629541516304016,"8":0.08425487577915192,"9":0.00020609605417121202,"10":0.20593571662902832,"11":0.07394316047430038,"12":0.0003745011636056006,"13":0.1390407383441925,"14":0.06897153705358505,"15":0.00036168628139421344,"16":0.2173643261194229,"17":0.09463109821081161,"18":0.00037244477425701916,"19":0.11360498517751694,"20":0.09121645241975784,"21":0.00008485746366204694,"22":0.23061418533325195,"23":0.17929154634475708,"24":0.0003041473391931504,"25":0.07406113296747208,"26":0.1641199141740799,"27":0.000009179512744594831,"28":0.23033921420574188,"29":0.2234271615743637,"30":5.014304065298347e-7,"31":0.0879928469657898,"32":0.21613924205303192,"33":0.00004091384107596241,"34":0.20922179520130157,"35":0.2161058485507965,"36":0.000136381306219846,"37":0.12085634469985962,"38":0.19711251556873322,"39":0.000012829720617446583,"40":0.20524729788303375,"41":0.22079390287399292,"42":0.000001378643332827778,"43":0.11714401841163635,"44":0.22233599424362183,"45":0.000013046284948359244,"46":0.2168775498867035,"47":0.2273520976305008,"48":0.000001412456526850292,"49":0.12194108217954636,"50":0.20695653557777405}]}