{"dataset":{"0":{"kept":false,"isDisposedInternal":false,"shape":[1,51],"dtype":"float32","size":51,"strides":[51],"dataId":{},"id":206,"rankType":"2","label":"A"}},"tensors":[{"0":0.0003944261115975678,"1":0.18507391214370728,"2":0.10035388171672821,"3":0.0003952036495320499,"4":0.20275534689426422,"5":0.0819217637181282,"6":0.0003955329884774983,"7":0.1692856252193451,"8":0.07932637631893158,"9":0.0002048017777269706,"10":0.215976744890213,"11":0.07330162823200226,"12":0.0003934231644961983,"13":0.1403936892747879,"14":0.06703273952007294,"15":0.00037221689126454294,"16":0.21822646260261536,"17":0.10614562779664993,"18":0.0002987606276292354,"19":0.1103932112455368,"20":0.10410923510789871,"21":0.000266389106400311,"22":0.24303844571113586,"23":0.1739390641450882,"24":0.00038614452932961285,"25":0.07171932607889175,"26":0.16930662095546722,"27":0.000022255961084738374,"28":0.25371646881103516,"29":0.2066725641489029,"30":0.0000023451054858014686,"31":0.06601852923631668,"32":0.2304265946149826,"33":0.00014808397099841386,"34":0.1793941855430603,"35":0.1978650838136673,"36":0.0002949712215922773,"37":0.12428952008485794,"38":0.19643573462963104,"39":0.000009350371328764595,"40":0.1921929568052292,"41":0.2327307164669037,"42":0.0000028654683319473406,"43":0.10616610199213028,"44":0.2291673868894577,"45":0.000003299677700852044,"46":0.19396451115608215,"47":0.22081997990608215,"48":0.0000010404082786408253,"49":0.11248943209648132,"50":0.2186315804719925}]}