{"dataset":{"0":{"kept":true,"isDisposedInternal":false,"shape":[1,51],"dtype":"float32","size":51,"strides":[51],"dataId":{},"id":2035339,"rankType":"2","scopeId":4380944,"label":"A"}},"tensors":[{"0":0.0004110954178031534,"1":0.17971961200237274,"2":0.11967010051012039,"3":0.0004118811630178243,"4":0.1950545608997345,"5":0.101425901055336,"6":0.00041201093699783087,"7":0.16243135929107666,"8":0.09602970629930496,"9":0.0001596799265826121,"10":0.21087662875652313,"11":0.09325038641691208,"12":0.00040562753565609455,"13":0.12605032324790955,"14":0.08219607919454575,"15":0.0002614157274365425,"16":0.191228449344635,"17":0.13152170181274414,"18":0.0003702719695866108,"19":0.08044026792049408,"20":0.1279967576265335,"21":0.00029092698241584003,"22":0.24861052632331848,"23":0.19021068513393402,"24":0.00013116185436956584,"25":0.03841342404484749,"26":0.2067447155714035,"27":0.00007230104529298842,"28":0.26257824897766113,"29":0.19645702838897705,"30":0.00000288402293335821,"31":0.08515133708715439,"32":0.23065148293972015,"33":0.000029275786801008508,"34":0.15573659539222717,"35":0.21207715570926666,"36":0.00002548258453316521,"37":0.10890547931194305,"38":0.22507219016551971,"39":0.000007275683856278192,"40":0.1474776566028595,"41":0.2280544489622116,"42":0.00000441857400801382,"43":0.11018513888120651,"44":0.22282105684280396,"45":0.0000026264137886755634,"46":0.14778834581375122,"47":0.22929903864860535,"48":0.000003419500899326522,"49":0.11728978902101517,"50":0.22635726630687714}]}