{"dataset":{"0":{"kept":true,"isDisposedInternal":false,"shape":[1,51],"dtype":"float32","size":51,"strides":[51],"dataId":{},"id":853214,"rankType":"2","scopeId":1837903,"label":"A"}},"tensors":[{"0":0.00038796322769485414,"1":0.1778959482908249,"2":0.13618870079517365,"3":0.0003856885596178472,"4":0.19603410363197327,"5":0.11766886711120605,"6":0.0003885245241690427,"7":0.1631426215171814,"8":0.11517985910177231,"9":0.00018576010188553482,"10":0.20697875320911407,"11":0.10503117740154266,"12":0.0003822114085778594,"13":0.13247615098953247,"14":0.10277803987264633,"15":0.00012007741315755993,"16":0.20232242345809937,"17":0.1586592197418213,"18":0.0003833507071249187,"19":0.10307405889034271,"20":0.13836714625358582,"21":0.00004326919952291064,"22":0.25138968229293823,"23":0.21144810318946838,"24":0.00005447260627988726,"25":0.05614321306347847,"26":0.21236884593963623,"27":0.000010890997145907022,"28":0.25385531783103943,"29":0.16890032589435577,"30":0.000145111363963224,"31":0.0767206996679306,"32":0.17226025462150574,"33":0.0000129578747873893,"34":0.16809743642807007,"35":0.21076826751232147,"36":0.000011840429579024203,"37":0.07867907732725143,"38":0.2167300283908844,"39":0.0000032598873076494783,"40":0.18915842473506927,"41":0.21288232505321503,"42":0.000006370678420353215,"43":0.0916074737906456,"44":0.21153537929058075,"45":8.539902864868054e-7,"46":0.18781273066997528,"47":0.21414855122566223,"48":0.000006115101314208005,"49":0.0884101539850235,"50":0.2146311104297638}]}