{"dataset":{"0":{"kept":true,"isDisposedInternal":false,"shape":[1,51],"dtype":"float32","size":51,"strides":[51],"dataId":{},"id":2261769,"rankType":"2","scopeId":4863473,"label":"A"}},"tensors":[{"0":0.0004116934142075479,"1":0.17669495940208435,"2":0.11539656668901443,"3":0.00041184923611581326,"4":0.19492343068122864,"5":0.10066712647676468,"6":0.00041184519068337977,"7":0.1630537211894989,"8":0.09387493133544922,"9":0.00014487921725958586,"10":0.20774854719638824,"11":0.09352190792560577,"12":0.0004047723487019539,"13":0.1338667869567871,"14":0.08135968446731567,"15":0.0003121604095213115,"16":0.20137526094913483,"17":0.1226801946759224,"18":0.0004068278067279607,"19":0.09104286134243011,"20":0.11472432315349579,"21":0.00032456222106702626,"22":0.2484443634748459,"23":0.18814297020435333,"24":0.0003455237892922014,"25":0.050698451697826385,"26":0.19378037750720978,"27":0.000030398448870982975,"28":0.26303166151046753,"29":0.20749394595623016,"30":0.000007851043847040273,"31":0.06597518175840378,"32":0.23398806154727936,"33":0.000033014996006386355,"34":0.16632959246635437,"35":0.22481200098991394,"36":0.000007520639428548748,"37":0.0732693001627922,"38":0.23043881356716156,"39":0.000008746360435907263,"40":0.16560351848602295,"41":0.23288075625896454,"42":0.000001849811383181077,"43":0.0778995230793953,"44":0.21143126487731934,"45":0.0000034676288578339154,"46":0.1639210730791092,"47":0.232087641954422,"48":0.0000024768469302216545,"49":0.07482276856899261,"50":0.23326005041599274}]}