{"dataset":{"0":{"kept":true,"isDisposedInternal":false,"shape":[2,51],"dtype":"float32","size":102,"strides":[51],"dataId":{},"id":18237,"rankType":"2","scopeId":39339,"label":"A"}},"tensors":[{"0":0.0003818912955466658,"1":0.1922939419746399,"2":0.10379521548748016,"3":0.00038179877446964383,"4":0.21124625205993652,"5":0.08876629173755646,"6":0.00038164848228916526,"7":0.18318328261375427,"8":0.08222619444131851,"9":0.00018536925199441612,"10":0.22657698392868042,"11":0.08404531329870224,"12":0.00038092213799245656,"13":0.15335756540298462,"14":0.06710225343704224,"15":0.00012686895206570625,"16":0.2193826287984848,"17":0.10836195945739746,"18":0.00037327970494516194,"19":0.11612081527709961,"20":0.09107574075460434,"21":0.00018156813166569918,"22":0.24323341250419617,"23":0.18959327042102814,"24":0.0001640374684939161,"25":0.07631111145019531,"26":0.15688329935073853,"27":0.000013241578017186839,"28":0.24615612626075745,"29":0.2135941982269287,"30":0.0000038067234982008813,"31":0.0871281698346138,"32":0.2045019119977951,"33":0.0000029630041353811976,"34":0.1918683797121048,"35":0.19699272513389587,"36":0.00002439391755615361,"37":0.1173805221915245,"38":0.1999623030424118,"39":0.0000025582503440091386,"40":0.1879991739988327,"41":0.210223987698555,"42":0.0000028009437755827093,"43":0.11877387762069702,"44":0.22015810012817383,"45":0.0000026300274384993827,"46":0.18149517476558685,"47":0.2145698517560959,"48":0.0000016560567246415303,"49":0.12139565497636795,"50":0.2120598405599594,"51":0.00039096406544558704,"52":0.18720406293869019,"53":0.1056850254535675,"54":0.0003901487507391721,"55":0.20960374176502228,"56":0.08689498901367188,"57":0.0003896289854310453,"58":0.17586469650268555,"59":0.0832776352763176,"60":0.00019451686239335686,"61":0.22241376340389252,"62":0.07676960527896881,"63":0.00038889722782187164,"64":0.14072106778621674,"65":0.06610620766878128,"66":0.000248383148573339,"67":0.22132907807826996,"68":0.11304271966218948,"69":0.00034937908640131354,"70":0.09812112152576447,"71":0.09879130870103836,"72":0.00020742430933751166,"73":0.23484590649604797,"74":0.18849173188209534,"75":0.0001353514671791345,"76":0.05339192971587181,"77":0.20982792973518372,"78":0.000016494139345013537,"79":0.22644303739070892,"80":0.1889307051897049,"81":9.616654779165401e-7,"82":0.09476545453071594,"83":0.22110749781131744,"84":0.000009126919394475408,"85":0.19668982923030853,"86":0.2054038792848587,"87":0.000035532797483028844,"88":0.11389945447444916,"89":0.20727305114269257,"90":0.0000030158421395753976,"91":0.18826784193515778,"92":0.2267189919948578,"93":0.0000019567103208828485,"94":0.09760218113660812,"95":0.21966993808746338,"96":0.000001544266524433624,"97":0.1864083856344223,"98":0.21793237328529358,"99":0.000001557844825583743,"100":0.10937240719795227,"101":0.21378694474697113}]}