{"dataset":{"0":{"kept":true,"isDisposedInternal":false,"shape":[1,51],"dtype":"float32","size":51,"strides":[51],"dataId":{},"id":181736,"rankType":"2","scopeId":389715,"label":"A"},"1":{"kept":true,"isDisposedInternal":false,"shape":[1,51],"dtype":"float32","size":51,"strides":[51],"dataId":{},"id":248940,"rankType":"2","scopeId":535148,"label":"B"}},"tensors":[{"0":0.00037641639937646687,"1":0.18333648145198822,"2":0.10840713977813721,"3":0.0003765361034311354,"4":0.20192882418632507,"5":0.08788811415433884,"6":0.00037635129410773516,"7":0.16922177374362946,"8":0.08629819005727768,"9":0.00029873530729673803,"10":0.21972236037254333,"11":0.08104711771011353,"12":0.0003665715048555285,"13":0.14083661139011383,"14":0.07241052389144897,"15":0.00015315508062485605,"16":0.22712938487529755,"17":0.11089006811380386,"18":0.0003657714987639338,"19":0.11029039323329926,"20":0.09032168984413147,"21":0.0001330775412498042,"22":0.2385861575603485,"23":0.17237697541713715,"24":0.0003487300709821284,"25":0.06990865617990494,"26":0.16349539160728455,"27":0.0000029627763069584034,"28":0.22800064086914062,"29":0.21364158391952515,"30":0.000004176272341283038,"31":0.07798099517822266,"32":0.2185031771659851,"33":0.000024392926206928678,"34":0.213988795876503,"35":0.2078438401222229,"36":0.00013593923358712345,"37":0.1287989318370819,"38":0.19092631340026855,"39":0.0000340183760272339,"40":0.2155330926179886,"41":0.20744332671165466,"42":0.0000031590370781486854,"43":0.09882770478725433,"44":0.21760816872119904,"45":0.00003690905214170925,"46":0.2115604132413864,"47":0.21378064155578613,"48":5.42050770491187e-7,"49":0.10569968074560165,"50":0.2143414169549942},{"0":0.0003923121839761734,"1":0.17652449011802673,"2":0.12599235773086548,"3":0.00039185996865853667,"4":0.19430823624134064,"5":0.10777977854013443,"6":0.000393099820939824,"7":0.1671328991651535,"8":0.1067858561873436,"9":0.000249098869971931,"10":0.2077343910932541,"11":0.08898524940013885,"12":0.0003869794891215861,"13":0.13859960436820984,"14":0.0902055874466896,"15":0.0002750336134340614,"16":0.21047385036945343,"17":0.12702108919620514,"18":0.00038889938150532544,"19":0.10712096840143204,"20":0.11571310460567474,"21":0.00029608147451654077,"22":0.23600487411022186,"23":0.17936672270298004,"24":0.00020906732243020087,"25":0.07695743441581726,"26":0.2014615833759308,"27":0.000011124112461402547,"28":0.24022997915744781,"29":0.22653672099113464,"30":0.000014311214727058541,"31":0.09326070547103882,"32":0.21969017386436462,"33":0.00001645044540055096,"34":0.16531239449977875,"35":0.21413713693618774,"36":0.000018980848835781217,"37":0.11825727671384811,"38":0.20366092026233673,"39":0.0000019955061816290254,"40":0.17243079841136932,"41":0.21977871656417847,"42":0.000007443798494932707,"43":0.1035417914390564,"44":0.21913769841194153,"45":0.0000012795707107216003,"46":0.1695268154144287,"47":0.21436946094036102,"48":0.000002890029463742394,"49":0.10424254834651947,"50":0.2217782735824585}]}