{"dataset":{"0":{"kept":true,"isDisposedInternal":false,"shape":[1,51],"dtype":"float32","size":51,"strides":[51],"dataId":{},"id":103244,"rankType":"2","scopeId":220210,"label":"A"}},"tensors":[{"0":0.0004040725762024522,"1":0.18767349421977997,"2":0.11677612364292145,"3":0.0004087818379048258,"4":0.2114320695400238,"5":0.096932552754879,"6":0.000408351857913658,"7":0.1778087317943573,"8":0.08630389720201492,"9":0.00007509558054152876,"10":0.23130375146865845,"11":0.09292334318161011,"12":0.0003770478651858866,"13":0.13721752166748047,"14":0.058753471821546555,"15":0.00007336431735893711,"16":0.19993560016155243,"17":0.15085312724113464,"18":0.000393857917515561,"19":0.07861530780792236,"20":0.09121856093406677,"21":0.00021480798022821546,"22":0.2465265840291977,"23":0.20316578447818756,"24":0.00033329229336231947,"25":0.03034333325922489,"26":0.18992488086223602,"27":0.00001820559918996878,"28":0.23007431626319885,"29":0.219446063041687,"30":4.2842196990022785e-7,"31":0.05879515781998634,"32":0.23193486034870148,"33":0.00009460473665967584,"34":0.15845206379890442,"35":0.19963379204273224,"36":0.00002672192749741953,"37":0.08810868114233017,"38":0.21435384452342987,"39":0.0000052582322496164124,"40":0.1659705638885498,"41":0.2391401082277298,"42":0.0000018491258515496156,"43":0.07819897681474686,"44":0.23541389405727386,"45":0.000002444359097353299,"46":0.1608380824327469,"47":0.2257109433412552,"48":0.0000018596396103021107,"49":0.08185327798128128,"50":0.22469785809516907}]}