{"dataset":{"0":{"kept":true,"isDisposedInternal":false,"shape":[1,51],"dtype":"float32","size":51,"strides":[51],"dataId":{},"id":7564,"rankType":"2","scopeId":16224,"label":"B"}},"tensors":[{"0":0.00038045080145820975,"1":0.18546155095100403,"2":0.10519521683454514,"3":0.00038022774970158935,"4":0.20431549847126007,"5":0.0886961817741394,"6":0.0003797542303800583,"7":0.17490284144878387,"8":0.08575247973203659,"9":0.00019854868878610432,"10":0.2166670262813568,"11":0.07618816196918488,"12":0.0003755014040507376,"13":0.14577339589595795,"14":0.06938404589891434,"15":0.00025801430456340313,"16":0.21908581256866455,"17":0.10158800333738327,"18":0.0003701547102537006,"19":0.1163572445511818,"20":0.08985554426908493,"21":0.0001307515922235325,"22":0.2380070686340332,"23":0.17109794914722443,"24":0.00020308185776229948,"25":0.07843440771102905,"26":0.1578901708126068,"27":0.0000022181261556397658,"28":0.23475687205791473,"29":0.21825411915779114,"30":0.000002418131316517247,"31":0.0908297598361969,"32":0.21012532711029053,"33":0.00001635927583265584,"34":0.19449223577976227,"35":0.19256189465522766,"36":0.000058612778957467526,"37":0.11832821369171143,"38":0.1971435695886612,"39":0.00001558523581479676,"40":0.2221759557723999,"41":0.21216434240341187,"42":0.0000029443749554047827,"43":0.12038464099168777,"44":0.21387304365634918,"45":0.000007023058060440235,"46":0.21967406570911407,"47":0.21795865893363953,"48":0.0000026241186787956394,"49":0.12106236815452576,"50":0.2080429047346115}]}