{"dataset":{"0":{"kept":true,"isDisposedInternal":false,"shape":[1,51],"dtype":"float32","size":51,"strides":[51],"dataId":{},"id":2194137,"rankType":"2","scopeId":4719300,"label":"A"}},"tensors":[{"0":0.0004158135852776468,"1":0.17955546081066132,"2":0.11444703489542007,"3":0.00041575822979211807,"4":0.19692082703113556,"5":0.09672615677118301,"6":0.00041600933764129877,"7":0.16368836164474487,"8":0.09222966432571411,"9":0.0001452715223422274,"10":0.2095208317041397,"11":0.08918007463216782,"12":0.00039868021849542856,"13":0.1321668028831482,"14":0.08034053444862366,"15":0.00026499736122787,"16":0.19343920052051544,"17":0.12593556940555573,"18":0.0003788295143749565,"19":0.09399658441543579,"20":0.1105528473854065,"21":0.0002468168968334794,"22":0.25133222341537476,"23":0.18809613585472107,"24":0.00040527069359086454,"25":0.06153453141450882,"26":0.17790487408638,"27":0.00015357510710600764,"28":0.256299763917923,"29":0.18632498383522034,"30":0.00002833261532941833,"31":0.06772457808256149,"32":0.22151844203472137,"33":0.000046310258767334744,"34":0.1628778874874115,"35":0.21916073560714722,"36":0.00003272501635365188,"37":0.09276751428842545,"38":0.2262779176235199,"39":0.000013359716831473634,"40":0.16744258999824524,"41":0.24220162630081177,"42":0.000004183625605946872,"43":0.10070749372243881,"44":0.2298620194196701,"45":0.0000029427144454530207,"46":0.16417928040027618,"47":0.23383839428424835,"48":0.000004074283424415626,"49":0.11509573459625244,"50":0.23268187046051025}]}