{"dataset":{"0":{"kept":true,"isDisposedInternal":false,"shape":[1,51],"dtype":"float32","size":51,"strides":[51],"dataId":{},"id":1029704,"rankType":"2","scopeId":2213039,"label":"A"}},"tensors":[{"0":0.00041088589932769537,"1":0.1760515719652176,"2":0.12546686828136444,"3":0.00041159612010233104,"4":0.19314976036548615,"5":0.10279729962348938,"6":0.0004118174547329545,"7":0.1607372760772705,"8":0.1026030033826828,"9":0.00010255171946482733,"10":0.20296554267406464,"11":0.09797720611095428,"12":0.0004050940042361617,"13":0.13039140403270721,"14":0.08870767802000046,"15":0.0001083041715901345,"16":0.18575048446655273,"17":0.13571318984031677,"18":0.00036542763700708747,"19":0.08750636130571365,"20":0.12826435267925262,"21":0.00012606683594640344,"22":0.23577313125133514,"23":0.19220766425132751,"24":0.0001224993757205084,"25":0.05193370580673218,"26":0.20970946550369263,"27":0.000015406420061481185,"28":0.2293982058763504,"29":0.2266491800546646,"30":0.000005608440005744342,"31":0.0810515359044075,"32":0.23352892696857452,"33":0.00002039210266957525,"34":0.14533095061779022,"35":0.22855903208255768,"36":0.000031508163374383,"37":0.10362574458122253,"38":0.2320878803730011,"39":0.000005668418452842161,"40":0.1476978063583374,"41":0.2353307455778122,"42":0.000006589626991626574,"43":0.0955582931637764,"44":0.22672593593597412,"45":0.0000018920916318165837,"46":0.14486558735370636,"47":0.2293514460325241,"48":0.000004721760888060089,"49":0.09433736652135849,"50":0.2320365458726883}]}