{"dataset":{"0":{"kept":true,"isDisposedInternal":false,"shape":[2,51],"dtype":"float32","size":102,"strides":[51],"dataId":{},"id":8013,"rankType":"2","scopeId":17187,"label":"A"},"1":{"kept":true,"isDisposedInternal":false,"shape":[2,51],"dtype":"float32","size":102,"strides":[51],"dataId":{},"id":16397,"rankType":"2","scopeId":35341,"label":"B"}},"tensors":[{"0":0.00040733497007749975,"1":0.14437788724899292,"2":0.13061222434043884,"3":0.000406984327128157,"4":0.15136350691318512,"5":0.1226009726524353,"6":0.0004071362782269716,"7":0.13684259355068207,"8":0.1212288960814476,"9":0.0002499550173524767,"10":0.1599026620388031,"11":0.12698520720005035,"12":0.00038925345870666206,"13":0.12197107821702957,"14":0.12442179024219513,"15":0.00040501379407942295,"16":0.17836666107177734,"17":0.166910782456398,"18":0.0004020797205157578,"19":0.09487009793519974,"20":0.17311078310012817,"21":0.00019509540288709104,"22":0.2027970552444458,"23":0.21645118296146393,"24":0.000143097058753483,"25":0.05906070023775101,"26":0.21857397258281708,"27":0.00002568873060226906,"28":0.2079932987689972,"29":0.22828027606010437,"30":0.00000867544258653652,"31":0.08211299031972885,"32":0.22402188181877136,"33":0.000009135592335951515,"34":0.16696633398532867,"35":0.23682855069637299,"36":0.00001444263671146473,"37":0.1019091084599495,"38":0.2354041188955307,"39":0.0000028656781978497747,"40":0.1796841025352478,"41":0.20635077357292175,"42":0.000007406405984511366,"43":0.09559288620948792,"44":0.2238624393939972,"45":0.0000029172847462177742,"46":0.1815698891878128,"47":0.22436244785785675,"48":0.0000019156439066136954,"49":0.0992562398314476,"50":0.22682881355285645,"51":0.0004097069031558931,"52":0.14574860036373138,"53":0.1301354020833969,"54":0.0004093604802619666,"55":0.1525764763355255,"56":0.12245406955480576,"57":0.0004094869364053011,"58":0.13851216435432434,"59":0.12096255272626877,"60":0.00022665919095743448,"61":0.16087861359119415,"62":0.1267915517091751,"63":0.0003922005998902023,"64":0.12329372018575668,"65":0.12321840226650238,"66":0.0004078103229403496,"67":0.18146416544914246,"68":0.16942131519317627,"69":0.0004034684388898313,"70":0.09635243564844131,"71":0.1724754422903061,"72":0.00024496717378497124,"73":0.20518481731414795,"74":0.22404085099697113,"75":0.00018993677804246545,"76":0.06290708482265472,"77":0.2216581404209137,"78":0.000008878314474713989,"79":0.19611553847789764,"80":0.21877092123031616,"81":0.000011611899935815018,"82":0.08478108048439026,"83":0.211241215467453,"84":0.000012498836440499872,"85":0.16991858184337616,"86":0.23589389026165009,"87":0.00001614891334611457,"88":0.1034582257270813,"89":0.2364710569381714,"90":0.000004984005499863997,"91":0.18033082783222198,"92":0.20740154385566711,"93":0.000007436080977640813,"94":0.0969817116856575,"95":0.22608838975429535,"96":0.0000046036866478971206,"97":0.18251651525497437,"98":0.22498269379138947,"99":0.0000016504935729244608,"100":0.10027603060007095,"101":0.22808660566806793},{"0":0.00040888748480938375,"1":0.1459314525127411,"2":0.1298132687807083,"3":0.00040860986337065697,"4":0.1536654680967331,"5":0.1214735358953476,"6":0.00040865669143386185,"7":0.13884371519088745,"8":0.12063423544168472,"9":0.000241032219491899,"10":0.16157273948192596,"11":0.12530294060707092,"12":0.00039949422352947295,"13":0.12350747734308243,"14":0.1225515604019165,"15":0.00040648336289450526,"16":0.18136270344257355,"17":0.16798478364944458,"18":0.00039984859176911414,"19":0.09525172412395477,"20":0.1721085011959076,"21":0.000197867993847467,"22":0.20218443870544434,"23":0.2174084186553955,"24":0.00014862543321214616,"25":0.06182665377855301,"26":0.21831583976745605,"27":0.000010572108294581994,"28":0.1931149810552597,"29":0.22975830733776093,"30":0.000009376291927765124,"31":0.08315957337617874,"32":0.22135400772094727,"33":0.000010408910384285264,"34":0.16985899209976196,"35":0.23606395721435547,"36":0.00001552570756757632,"37":0.1015128418803215,"38":0.2365754395723343,"39":0.00000501637168781599,"40":0.18002328276634216,"41":0.20780237019062042,"42":0.000006483910965471296,"43":0.09721405804157257,"44":0.2256077527999878,"45":0.000004391712081996957,"46":0.18203136324882507,"47":0.22538496553897858,"48":0.0000018069017642119434,"49":0.0984484851360321,"50":0.22743310034275055,"51":0.00040359090780839324,"52":0.14385992288589478,"53":0.12714563310146332,"54":0.00040338069084100425,"55":0.1517588496208191,"56":0.11990146338939667,"57":0.0004034189914818853,"58":0.13681265711784363,"59":0.11829032003879547,"60":0.0003096784930676222,"61":0.15969876945018768,"62":0.12437547743320465,"63":0.0003950140089727938,"64":0.12131652235984802,"65":0.12103381752967834,"66":0.0004012220015283674,"67":0.18045468628406525,"68":0.16805005073547363,"69":0.0003970033139921725,"70":0.09338180720806122,"71":0.1710381656885147,"72":0.00027913349913433194,"73":0.20275020599365234,"74":0.2217659056186676,"75":0.00013800007582176477,"76":0.05884779989719391,"77":0.21903185546398163,"78":0.000009403513104189187,"79":0.19274938106536865,"80":0.22705894708633423,"81":0.000008782491931924596,"82":0.08313962817192078,"83":0.20890341699123383,"84":0.000010342731911805458,"85":0.176101952791214,"86":0.2342890501022339,"87":0.00001665700074227061,"88":0.09909927099943161,"89":0.23337773978710175,"90":0.000002254534820167464,"91":0.19338901340961456,"92":0.21844211220741272,"93":0.000006509216291306075,"94":0.0964750126004219,"95":0.22256384789943695,"96":0.000003368168108863756,"97":0.19558754563331604,"98":0.22383935749530792,"99":0.0000014131630905467318,"100":0.09706634283065796,"101":0.2258017212152481}]}