{"dataset":{"0":{"kept":true,"isDisposedInternal":false,"shape":[1,51],"dtype":"float32","size":51,"strides":[51],"dataId":{},"id":68044,"rankType":"2","scopeId":147264,"label":"A"}},"tensors":[{"0":0.00038171239430084825,"1":0.1665661782026291,"2":0.1312069594860077,"3":0.0003817311080638319,"4":0.1797851026058197,"5":0.11677803844213486,"6":0.000381740479497239,"7":0.15294158458709717,"8":0.11386037617921829,"9":0.0002792520681396127,"10":0.1894160658121109,"11":0.11271432787179947,"12":0.0003710424934979528,"13":0.13028037548065186,"14":0.10993485897779465,"15":0.00031312930514104664,"16":0.20951879024505615,"17":0.15998385846614838,"18":0.00037323241122066975,"19":0.09327348321676254,"20":0.15339426696300507,"21":0.000029575592634500936,"22":0.2193857729434967,"23":0.21900245547294617,"24":0.00008350855205208063,"25":0.07280340790748596,"26":0.2199241816997528,"27":0.00000493971538162441,"28":0.21441040933132172,"29":0.21697835624217987,"30":0.0000063971683630370535,"31":0.07464177161455154,"32":0.21572503447532654,"33":0.0000018116027149517322,"34":0.17982304096221924,"35":0.2173936516046524,"36":0.000002974426706714439,"37":0.10505018383264542,"38":0.21937312185764313,"39":0.0000013267987242215895,"40":0.1854638308286667,"41":0.2102212905883789,"42":0.000009271208000427578,"43":0.0903443694114685,"44":0.2096351832151413,"45":0.0000012392899861879414,"46":0.1815704107284546,"47":0.2096763700246811,"48":0.0000073313408393005375,"49":0.08779186010360718,"50":0.2105873078107834}]}